id;title;year;thumbnail;total_tracks
1;Alaska;76855;Intelligent Frozen Sausages Villages;27956
2;PCI back up Factors;33075;Venezuela Wisconsin;98033
3;Incredible functionalities fuchsia;26847;Bedfordshire;37268
4;matrix calculating;93001;Ergonomic Concrete Soap Zambian Kwacha;35864
5;Open-architected;29529;portal calculating Metal;70891
6;France protocol;41978;Synergistic Personal Loan Account Sleek;518
7;Auto Loan Account olive;7094;extend Unbranded Fresh Pants Tools;57886
8;interfaces;67202;implementation;15504
9;Specialist generating;86040;Assimilated;3883
10;frame Brunei Darussalam interface;82786;composite Orchestrator Club;84202
