id;name;rating;url;popularity;thumbnail;created_at;duration;primary_color
1;mobile Fish;Home Loan Account Table Computer;http://jadon.org;Savings Account alarm;Tasty Metal Bacon;2019-09-09T13:47:00;21233;Chips
2;Money Market Account;Albania web-readiness;http://judge.name;Steel zero administration;Multi-channelled Licensed;2019-09-09T21:28:02;19967;Cambridgeshire Mississippi
3;HDD;Table Small Frozen Sausages Planner;https://gerhard.biz;Intelligent;Monitored Bahamian Dollar Investment Account;2019-09-09T16:18:42;3438;Regional
4;Tuna;hardware Costa Rica Mayotte;http://alexandrea.org;connect Markets Chief;capacitor archive;2019-09-09T22:37:04;19598;Tasty Plastic Pizza scale
5;South Georgia and the South Sandwich Islands;compelling mission-critical;https://doug.com;back-end;Industrial;2019-09-10T02:08:48;77224;orange Books
6;magenta monitor 1080p;Unbranded Plastic Tuna Frozen;https://rossie.name;archive Fantastic Plastic Chicken;payment;2019-09-09T22:07:02;63755;COM
7;embrace Developer;synthesize Idaho compress;http://aliza.name;partnerships Grocery Intelligent;Dynamic;2019-09-10T00:53:58;31435;Buckinghamshire Corporate
8;Investment Account;override User-centric;http://lavinia.biz;Salad Web virtual;Refined Squares;2019-09-10T07:03:57;18657;Human Ghana
9;Fresh granular Direct;Profit-focused;http://aaron.net;SQL Games;Iraq Bedfordshire;2019-09-09T19:41:24;11986;24/7
10;Gloves sky blue Oklahoma;robust Engineer;https://delia.biz;Buckinghamshire capability zero tolerance;mission-critical;2019-09-09T12:52:11;50267;Small Plastic Pants Investor
